,count_m,cvol_s_p,cvol_s_m,cvol_t_p,cvol_t_m,cvol_m,dxy_200_p,dxy_200_m,prc_std,prc_std_1000,std_std_prc
0,4.377516273,2.463131806,2.303367791,151.50845959999995,-168.207865,0.05,22.94951108,-19.93248215,0.175,0.225,0.247
1,3.791423295,1.813746369,1.855754738,108.4412695,-134.90621169999997,0.05,13.84027166,-16.30708149,0.175,0.225,0.247
2,3.572435678,1.534207853,1.703456867,205.4068467,-127.149759,0.05,15.89080946,-12.52518713,0.175,0.225,0.247
3,4.427221854,2.736121869,2.672642071,169.78591980000004,-175.4483049,0.05,43.78705013,-12.8933414,0.175,0.225,0.247
4,4.113759387,2.602987,2.301809411,171.53560159999995,-146.449977,0.05,42.44200414,-9.562852746,0.175,0.225,0.247
5,3.956205016,2.433719808,1.930018634,163.07171540000004,-125.7900908,0.05,40.13074167,2.854373492,0.175,0.225,0.247
6,3.675705402,2.04298488,1.7112037269999998,130.695884,-124.5352687,0.05,36.64110232,1.893925073,0.175,0.225,0.247
7,3.561442952,1.98834404,1.554667987,127.2869682,-114.3573108,0.05,35.13010595,9.285203198,0.175,0.225,0.247
8,4.662979879,2.405042249,3.069069749,176.2410962,-232.7281773,0.05,8.059577878999999,-38.98734713,0.175,0.225,0.247
9,4.217331342,2.011010783,2.54320101,156.6486021,-196.4075921,0.05,5.115746719,-26.62253621,0.175,0.225,0.247
10,3.969272892,1.809681823,2.370692531,135.5949685,-184.9546426,0.05,9.055296673,-12.30460244,0.175,0.225,0.247
11,3.928136487,1.774752545,2.247788146,137.9855214,-165.3984501,0.05,9.467463412,-14.97955584,0.175,0.225,0.247
12,5.062064723,2.6858012,2.9302079510000003,235.9630915,-181.2686664,0.05,65.90132751,11.8387942,0.175,0.225,0.247
13,4.606443339,2.44964511,2.246144012,209.8112931,-220.0495162,0.05,57.64254826,-12.9680377,0.175,0.225,0.247
14,4.303679912,2.115889049,1.976951967,181.4924917,-194.6587065,0.05,30.12766155,-7.642803914,0.175,0.225,0.247
15,3.989856208,1.879658364,1.743759464,162.6662221,-185.6473111,0.05,28.77170256,-6.878813922000001,0.175,0.225,0.247
16,3.826355936,1.763765382,1.639411261,150.99041599999995,-172.24523969999996,0.05,27.79045556,-0.239641472,0.175,0.225,0.247
17,4.645592357,3.022613775,2.396494654,193.5859192,-179.0479284,0.05,-3.21845468,-42.07559127,0.175,0.225,0.247
18,4.329939212,2.610810325,2.023028732,183.1757967,-167.2346229,0.05,-3.290023436,-27.56442361,0.175,0.225,0.247
19,3.892609935,2.056654551,1.837099499,136.3623991,-153.68443269999997,0.05,-5.316618663,-17.7775093,0.175,0.225,0.247
20,3.697134732,1.808039751,1.66451946,130.7243395,-142.3355422,0.05,-1.821822169,-19.58247178,0.175,0.225,0.247
21,5.185546362,2.953923005,3.072906971,229.6616147,-255.3201265,0.05,25.11439013,-32.87020523,0.175,0.225,0.247
22,4.416211517,2.500587073,2.261742244,180.1557441,-195.6326571,0.05,-10.85187817,-57.83684004,0.175,0.225,0.247
23,4.097991176,2.13219614,1.804131577,144.9765849,-170.5960134,0.05,-31.89907228,-26.70383637,0.175,0.225,0.247
24,3.822723666,1.798643549,1.5766355,123.8316485,-149.2224869,0.05,-26.70601537,-27.09381683,0.175,0.225,0.247
25,3.712076621,1.70171504,1.424391466,117.0240114,-134.66673830000002,0.05,-25.33791322,-27.54899801,0.175,0.225,0.247
26,3.545927256,1.0109935,0.7271136709999999,108.5130546,-69.74196057,0.05,-37.51374015,-63.84923511,0.175,0.225,0.247
27,3.427291614,0.947930991,0.603301054,105.9177188,-119.455252,0.05,-88.75015529,-80.91906372,0.175,0.225,0.247
28,2.494505479,0.517660502,0.8093197959999999,60.88107377,-113.6612234,0.05,-43.28251311,8.414477565,0.175,0.225,0.247
29,2.644910816,0.5090230920000001,0.808385751,84.25355952,-110.5972392,0.05,-47.88457266,15.52214708,0.175,0.225,0.247
30,3.609254037,0.85451759,0.819482618,115.4689609,-108.5044399,0.05,20.00900414,31.23655781,0.175,0.225,0.247
31,3.451802422,0.6961536070000001,0.659359179,76.99633729,-135.336453,0.05,-9.118133276,14.98791738,0.175,0.225,0.247
32,2.572842697,0.515824013,0.640878784,30.29000816,-39.71914502,0.05,-33.71711305,53.12651829,0.175,0.225,0.247
33,3.615503065,0.999002411,0.7776104359999999,78.40312493,-91.77697001,0.05,-54.95085628,18.73750768,0.175,0.225,0.247
34,3.258797294,0.6852887559999999,0.593548915,65.13756338,-76.37513297,0.05,-87.94701704,62.09443894,0.175,0.225,0.247
35,3.091436309,0.526237683,0.5787996639999999,46.94032958,-142.1650094,0.05,-43.19598509,59.23501901,0.175,0.225,0.247
36,2.926528847,0.456086361,0.52142391,37.24432915,-107.4107114,0.05,-59.00726438,43.95506636,0.175,0.225,0.247
37,3.884016798,1.021964764,1.014313216,167.03312590000004,-112.5360683,0.05,23.30793789,7.124382778999999,0.175,0.225,0.247
38,3.686675999,0.808943379,0.828825932,129.29572679999998,-107.7763301,0.05,18.52305879,-52.81976449,0.175,0.225,0.247
39,3.38505882,0.651115818,0.6252722039999999,113.3186798,-69.93468808,0.05,0.76604731,-25.46098763,0.175,0.225,0.247
40,3.3322630560000004,0.605071076,0.574681863,102.8196649,-44.08638668,0.05,-6.035710957,-0.7613827740000001,0.175,0.225,0.247
41,3.164193162,0.564825382,0.57529717,71.21093445,-50.85777691,0.05,-16.33013037,4.220100935,0.175,0.225,0.247
42,3.124397726,0.977224171,1.009120559,95.00271982,-52.70724774,0.05,-29.84236987,75.79423463,0.175,0.225,0.247
43,3.255818892,0.905119224,0.979175083,116.0676442,-31.36968337,0.05,95.24909727,115.7587965,0.175,0.225,0.247
44,3.241238104,0.7632376609999999,0.7931714540000001,96.16536251,-28.3415537,0.05,52.69326502,120.615835,0.175,0.225,0.247
45,3.155780644,0.611544741,0.6407916,67.97719847,-37.83919611,0.05,34.52890484,119.7808381,0.175,0.225,0.247
46,3.124316894,0.5657645689999999,0.61141962,70.11188115,-38.67603344,0.05,29.7984242,109.0276227,0.175,0.225,0.247
47,3.4189389510000003,0.729827063,0.801714108,66.45000761,-92.0616615,0.05,-20.69788072,-18.22515836,0.175,0.225,0.247
48,2.7067765460000004,0.483642974,0.870517656,43.55215627,-93.18508043,0.05,-35.91374244,10.9345556,0.175,0.225,0.247
49,3.143728989,0.584045899,0.878481442,49.4008842,-124.7732465,0.05,-24.36101737,42.24946802,0.175,0.225,0.247
50,3.411349465,0.492643833,0.797932194,145.58789,-89.57247056,0.05,42.9523818,117.7679959,0.175,0.225,0.247
51,3.1303272960000004,0.424775904,0.598113896,110.4558869,-71.78354677,0.05,30.95355699,92.38555373,0.175,0.225,0.247
52,2.9312743460000004,0.446710875,0.533957411,84.65696615,-64.26873225,0.05,13.44212034,80.18645467,0.175,0.225,0.247
53,2.425663669,0.473321593,0.4907953089999999,15.66032401,-36.35028532,0.05,-14.0753654,-7.797156727999999,0.175,0.225,0.247
54,3.236016132,0.721963275,0.91398004,170.8238687,-137.4869299,0.05,7.499050201,13.58212608,0.175,0.225,0.247
55,3.429776559,0.746309452,0.768374223,119.347351,-215.1325964,0.05,-26.05967532,24.03007604,0.175,0.225,0.247
56,3.331901261,0.601525455,0.621587545,100.8766621,-157.0567164,0.05,-44.25184181,26.17625218,0.175,0.225,0.247
57,3.248173364,0.584240848,0.611803445,66.01164708,-142.4672699,0.05,-61.06211197,24.21124249,0.175,0.225,0.247
58,3.126374231,0.575564757,0.5414529929999999,79.42892683,-119.0662094,0.05,-61.4742706,12.11401988,0.175,0.225,0.247
59,3.376213289,0.875304992,0.918764109,48.93593579,-197.0922513,0.05,-63.54347539,-64.90774862,0.175,0.225,0.247
60,3.367960987,0.780831907,0.810637776,34.57971149,-132.3538416,0.05,-50.4360595,-82.78959851,0.175,0.225,0.247
61,3.398652686,0.7737769090000001,0.707380868,30.31308085,-118.97233529999998,0.05,-45.79610023,-62.02202733,0.175,0.225,0.247
62,3.183330045,0.575049343,0.5742910179999999,26.97890137,-105.0821525,0.05,-51.03471631,-56.30801999999999,0.175,0.225,0.247
63,3.159243268,0.548788289,0.522294586,25.11554938,-87.52006953,0.05,-69.34292278,-49.02405681,0.175,0.225,0.247
64,3.151830834,0.539622618,0.522123372,26.48609102,-85.03071182,0.05,-68.18502244,-46.21600104,0.175,0.225,0.247
65,2.967974921,0.6186507729999999,0.6651364820000001,103.9996763,-98.81646808,0.05,-17.91149648,30.90232719,0.175,0.225,0.247
66,2.635390005,0.561439294,0.550203099,73.12839885,-78.12202604,0.05,-28.40753701,26.90692139,0.175,0.225,0.247
67,3.735437613,1.037937825,1.0359875,54.28436666,-60.68513951,0.05,-5.846496817999999,121.6298328,0.175,0.225,0.247
68,3.302853196,0.6086846029999999,0.766104876,45.18775419,-51.1506208,0.05,-29.8622908,79.68292962,0.175,0.225,0.247
69,3.136036858,0.500834304,0.7046060690000001,40.78667626,-52.38591524,0.05,-41.13835994,55.10435415,0.175,0.225,0.247
70,3.045007799,0.500654657,0.644466122,47.88142513,-58.75393471,0.05,-53.36977729,48.10547369,0.175,0.225,0.247
71,2.775106217,0.436571396,0.467728427,325.3645457,-19.78054877,0.05,-28.77259395,20.30064345,0.175,0.225,0.247
72,3.998275902,0.634074922,1.14941951,404.8537517,-71.81286732,0.05,-16.63950079,82.01180239,0.175,0.225,0.247
73,4.450556202,1.156451915,1.289634002,309.82909069999994,-188.50012,0.05,30.16030072,80.92496732,0.175,0.225,0.247
74,4.306762013,1.17836434,1.537526458,275.2415065,-65.86132773,0.05,4.035583515,148.2785721,0.175,0.225,0.247
75,4.166553785,1.149681313,1.500593846,250.5770127,-78.01918145,0.05,-9.158647334,138.91508000000002,0.175,0.225,0.247
76,3.944417229,1.064861391,1.350836065,180.216392,-76.60400882,0.05,-6.240004717000001,108.4083928,0.175,0.225,0.247
77,3.804091587,0.998070609,1.291304036,164.21866169999996,-73.69086425,0.05,-0.935709539,97.06852311,0.175,0.225,0.247
78,3.811467313,0.981041459,1.243520186,170.8504969,-70.26449112,0.05,3.558116743,97.65161145,0.175,0.225,0.247
79,4.039727043,1.175075121,1.39671514,215.89119280000003,-53.21826875,0.05,3.256549508,109.3544806,0.175,0.225,0.247
80,3.395822054,0.754846805,1.002802517,40.51054698,-55.83918985,0.05,-8.503445257000001,206.3811763,0.175,0.225,0.247
81,3.2142327610000003,0.617864751,0.770801601,29.52861127,-65.38420376,0.05,0.5574131139999999,154.10818740000005,0.175,0.225,0.247
82,3.0116063630000003,0.569367789,0.707045319,29.55974023,-55.84559491,0.05,-1.079736737,137.9737716,0.175,0.225,0.247
83,2.98244701,0.6004997479999999,0.705936803,27.84109549,-56.04240970000001,0.05,-16.70543231,101.8112252,0.175,0.225,0.247
84,3.56240133,1.038207284,0.791779035,129.2146892,-87.45992999,0.05,-31.79976569,35.78102632,0.175,0.225,0.247
85,3.396543153,0.824983505,0.7231887109999999,142.45098269999997,-78.22874231,0.05,-42.35159955,-1.6599584530000002,0.175,0.225,0.247
86,3.116456828,0.4763149820000001,0.55212218,65.97651687,-68.56017875,0.05,-23.38135756,2.053877816,0.175,0.225,0.247
87,2.994217233,0.4178521329999999,0.524297329,55.12653127,-61.00405918,0.05,-23.2874453,-1.6976212080000002,0.175,0.225,0.247
88,3.404939848,0.568623726,0.97595035,116.2678264,-96.39592203,0.05,-23.88911349,58.08010154,0.175,0.225,0.247
89,3.138928,0.475870936,0.840533725,84.93501609,-131.6915765,0.05,-6.052193778,64.08278473,0.175,0.225,0.247
90,2.829796957,0.4336230129999999,0.654660321,60.66170682,-111.0320758,0.05,-43.43480018,59.75354915,0.175,0.225,0.247
91,3.2605678910000004,0.783680024,0.851729429,74.08000379,-45.566915,0.05,-40.8814696,-14.69417742,0.175,0.225,0.247
92,3.18443829,0.745006755,0.6722652640000001,64.25506806,-42.68143426,0.05,-54.77896222,-26.39299449,0.175,0.225,0.247
93,3.027262188,0.638745632,0.55353986,58.65202816,-47.93967875,0.05,-65.20784098,-43.93926916,0.175,0.225,0.247
94,2.911926026,0.56794057,0.486361242,49.53902261,-42.95591064,0.05,-56.58069306,-35.98165302,0.175,0.225,0.247
95,2.8875347810000003,0.546771748,0.47697185,42.7586716,-42.69346329,0.05,-59.80470198,-42.8099289,0.175,0.225,0.247
96,3.55929355,0.750727925,0.856292904,67.76720022,-71.42164222,0.05,-16.31364061,-16.41742142,0.175,0.225,0.247
97,2.730124245,0.7607016259999999,0.626871369,75.55840088,-49.24965389,0.05,-11.32571406,33.71233364,0.175,0.225,0.247
98,4.092735156,0.8353752190000001,1.007276237,83.20336016,-60.41449525,0.05,-36.42883644,51.8774236,0.175,0.225,0.247
99,3.783818703,0.740842083,0.829391282,88.93040837,-154.49401,0.05,-36.55693752,44.32694733,0.175,0.225,0.247
100,3.527465486,0.623217667,0.778191196,77.64219084,-130.5230233,0.05,-11.20574864,59.10362343,0.175,0.225,0.247
101,3.28182695,0.540089733,0.610339544,82.93125283,-108.4995021,0.05,2.206357762,40.72774717,0.175,0.225,0.247
102,3.170679856,0.4852334829999999,0.565300531,66.44470645,-90.94102889,0.05,2.729733974,70.0629405,0.175,0.225,0.247
103,3.637814024,0.767839136,0.7817680290000001,74.48879471,-38.81204939,0.05,-45.75338798,-22.17111175,0.175,0.225,0.247
104,3.586940948,0.7393899340000001,0.689395242,58.24268841,-44.20796938,0.05,-47.94442952,-36.69620609,0.175,0.225,0.247
105,3.52386835,0.632359985,0.562452042,46.82254164,-41.09333577,0.05,-46.61567685,-18.83316816,0.175,0.225,0.247
106,3.378687602,0.583854499,0.532898649,82.53793139,-40.98288504,0.05,-19.6208564,-0.8115213109999999,0.175,0.225,0.247
107,3.2071248160000003,0.5622705889999999,0.519556637,66.74074056,-67.5068272,0.05,-41.93646143,3.546368805,0.175,0.225,0.247
108,3.217305791,0.771885013,0.8426829990000001,74.76949001,-154.34926130000005,0.05,-12.88533182,13.23579746,0.175,0.225,0.247
109,3.497813833,0.70061376,0.759618184,97.64923818,-152.1854519,0.05,-4.788591173,27.19077105,0.175,0.225,0.247
110,3.390392533,0.608760631,0.65829681,94.51533441,-128.0144734,0.05,-56.62967372,-19.29372198,0.175,0.225,0.247
111,3.242558583,0.557284827,0.6309890979999999,82.21226289,-114.751918,0.05,-42.86565201,-6.311837553999999,0.175,0.225,0.247
112,3.168046904,0.52234803,0.566757032,76.92628608,-101.7121759,0.05,22.20816271,-2.274921988,0.175,0.225,0.247
113,3.95815201,0.883320078,0.927150242,78.53522257,-69.74301427,0.05,-29.55794278,64.92591368,0.175,0.225,0.247
114,3.83413957,0.7525548740000001,0.804544244,88.52861825,-71.22032861,0.05,6.893341041,60.12560774,0.175,0.225,0.247
115,3.5672682860000005,0.7129409870000001,0.618615979,84.71688741,-81.87631797,0.05,0.533154185,45.94648479,0.175,0.225,0.247
116,3.3727139060000004,0.63720881,0.557830777,75.90110213,-76.12842502,0.05,-8.16070823,26.52167918,0.175,0.225,0.247
117,3.258637724,0.710796021,0.6921808909999999,81.08539381,-121.55653390000002,0.05,3.848478642,2.187704767,0.175,0.225,0.247
118,3.668353183,0.843903118,0.8832374359999999,75.2619306,-66.44545873,0.05,-56.67175322,26.81802488,0.175,0.225,0.247
119,3.334410924,0.58278307,0.685598521,46.64476969,-49.39144807,0.05,-32.34459639,56.31735641,0.175,0.225,0.247
120,3.305698445,0.505583746,0.612056951,95.60004025,-41.16600081,0.05,-23.09531269,52.72260396,0.175,0.225,0.247
121,3.238422839,0.4746903,0.546094677,96.58224362,-43.47969442,0.05,-20.30335691,42.21845413,0.175,0.225,0.247
122,3.275998057,0.740143543,0.803381259,108.6939601,-70.61142602,0.05,-6.858294231,84.79096662,0.175,0.225,0.247
123,3.040510959,0.626132595,0.773291902,86.85329623,-62.18089445,0.05,0.574223102,90.25470292,0.175,0.225,0.247
124,2.983618532,0.529937577,0.7317228440000001,92.65768284,-55.87485905,0.05,20.05506829,97.56445313,0.175,0.225,0.247
125,2.97936636,0.496608935,0.657204867,85.77863628,-53.5986094,0.05,9.009256004,72.34689338,0.175,0.225,0.247
126,3.420999419,0.923932139,0.767256745,77.04289655,-37.13777834,0.05,57.13058927,0.881071101,0.175,0.225,0.247
127,3.282210253,0.6713280509999999,0.714700432,66.66946166,-27.69291231,0.05,13.28621777,-5.825914222000001,0.175,0.225,0.247
128,3.243879164,0.631083769,0.626883774,72.98112945,-23.37525579,0.05,13.6315858,2.503148765,0.175,0.225,0.247
129,3.249982014,0.611302071,0.61143375,107.6720962,-28.4262939,0.05,14.27720131,2.833257479,0.175,0.225,0.247
130,2.7084235660000004,0.768201152,0.736442092,76.13933348,-60.79421832,0.05,-36.6825677,8.071719396,0.175,0.225,0.247
131,3.430890513,0.829860455,0.914488364,66.97242894,-119.7644066,0.05,-2.3519041830000003,34.92499993,0.175,0.225,0.247
132,3.189557342,0.672221533,0.840979985,134.66969740000002,-99.92974486,0.05,12.55750444,58.50689649,0.175,0.225,0.247
133,3.14001871,0.647021817,0.742201542,144.4483836,-95.01204828,0.05,18.83336359,78.82612899,0.175,0.225,0.247
134,3.019627021,0.597060545,0.6966978140000001,134.6924715,-93.81877683,0.05,28.145213800000004,86.79249326,0.175,0.225,0.247
135,2.958235859,0.5835763039999999,0.6692932220000001,121.9312406,-103.7985476,0.05,25.71116866,82.4932084,0.175,0.225,0.247
136,3.568105226,0.798806618,0.8567230579999999,77.85601143,-115.3667369,0.05,18.12823421,2.132574531,0.175,0.225,0.247
137,2.930300064,0.580912611,0.548481685,83.08180682,-41.82925141,0.05,-29.95004682,8.481476661,0.175,0.225,0.247
138,2.795218986,0.556069048,0.474144623,92.41464395,-30.4284391,0.05,-27.12091925,6.256072808,0.175,0.225,0.247
139,3.091364103,0.8100847459999999,0.758049855,89.31428047,-71.26522991,0.05,-22.40765428,28.02450595,0.175,0.225,0.247
140,2.90457405,0.711548159,0.585233025,63.54008016,-63.59427368,0.05,-48.72101557,7.876468107999999,0.175,0.225,0.247
141,2.74620613,0.554954424,0.518264744,43.74413906,-111.0820898,0.05,-41.64269373,12.34901321,0.175,0.225,0.247
142,2.615231517,0.528791673,0.463284573,39.8687314,-77.69407326,0.05,-40.33773209,19.58924706,0.175,0.225,0.247
143,2.62607729,0.5173195389999999,0.472389626,43.46996099,-64.34016382,0.05,-36.71434243,-4.904151719,0.175,0.225,0.247
144,3.155958303,0.91538153,0.718236269,119.0294551,-87.93290534,0.05,-25.11758718,-9.648204319,0.175,0.225,0.247
145,2.896696472,0.72479684,0.59209848,85.72909988,-64.08882344,0.05,-29.83841345,13.10600257,0.175,0.225,0.247
146,2.780277954,0.5543821729999999,0.587662448,77.29733815,-55.57810287,0.05,-13.05148342,52.8205224,0.175,0.225,0.247
147,2.734063737,0.5806855710000001,0.561670561,66.29275388,-51.21705423,0.05,-59.82632871,43.14927595,0.175,0.225,0.247
148,3.126121436,0.645957986,0.7107531979999999,74.86171289,-87.27703204,0.05,-39.19810238,2.075598881,0.175,0.225,0.247
149,3.096863739,0.573424686,0.562608225,73.01094066,-79.0699567,0.05,-35.10688402,-17.81631523,0.175,0.225,0.247
150,2.838273734,0.445799381,0.476540553,65.721264,-68.04089511,0.05,-26.03922279,-0.999728504,0.175,0.225,0.247
151,4.795421806,0.802888808,1.097353395,48.70068918,-223.2192236,0.05,-55.97456474,97.67338309,0.175,0.225,0.247
152,4.544411207,0.851362567,0.877345294,104.1706507,-350.9110851000001,0.05,-55.91579965,32.30239492,0.175,0.225,0.247
153,4.544411207,0.851362567,0.877345294,104.1706507,-350.9110851000001,0.05,-55.91579965,32.30239492,0.175,0.225,0.247
154,4.544411207,0.851362567,0.877345294,104.1706507,-350.9110851000001,0.05,-55.91579965,32.30239492,0.175,0.225,0.247
155,4.544411207,0.851362567,0.877345294,104.1706507,-350.9110851000001,0.05,-55.91579965,32.30239492,0.175,0.225,0.247
156,4.544411207,0.851362567,0.877345294,104.1706507,-350.9110851000001,0.05,-55.91579965,32.30239492,0.175,0.225,0.247
157,4.544411207,0.851362567,0.877345294,104.1706507,-350.9110851000001,0.05,-55.91579965,32.30239492,0.175,0.225,0.247
158,4.544411207,0.851362567,0.877345294,104.1706507,-350.9110851000001,0.05,-55.91579965,32.30239492,0.175,0.225,0.247
159,4.544411207,0.851362567,0.877345294,104.1706507,-350.9110851000001,0.05,-55.91579965,32.30239492,0.175,0.225,0.247
160,4.544411207,0.851362567,0.877345294,104.1706507,-350.9110851000001,0.05,-55.91579965,32.30239492,0.175,0.225,0.247
161,4.544411207,0.851362567,0.877345294,104.1706507,-350.9110851000001,0.05,-55.91579965,32.30239492,0.175,0.225,0.247
162,4.544411207,0.851362567,0.877345294,104.1706507,-350.9110851000001,0.05,-55.91579965,32.30239492,0.175,0.225,0.247
163,4.544411207,0.851362567,0.877345294,104.1706507,-350.9110851000001,0.05,-55.91579965,32.30239492,0.175,0.225,0.247
164,4.544411207,0.851362567,0.877345294,104.1706507,-350.9110851000001,0.05,-55.91579965,32.30239492,0.175,0.225,0.247
165,4.544411207,0.851362567,0.877345294,104.1706507,-350.9110851000001,0.05,-55.91579965,32.30239492,0.175,0.225,0.247
166,4.544411207,0.851362567,0.877345294,104.1706507,-350.9110851000001,0.05,-55.91579965,32.30239492,0.175,0.225,0.247
167,4.544411207,0.851362567,0.877345294,104.1706507,-350.9110851000001,0.05,-55.91579965,32.30239492,0.175,0.225,0.247
168,4.544411207,0.851362567,0.877345294,104.1706507,-350.9110851000001,0.05,-55.91579965,32.30239492,0.175,0.225,0.247
169,4.540920521,1.115899782,1.103238247,60.86898911,-176.431702,0.05,-72.15685968,72.17964972,0.175,0.225,0.187081591
170,4.994749354,1.142495653,1.209927894,32.19728815,-177.6475291,0.05,-28.27594279,75.49535979,0.175,0.225,0.1718118539999999
171,5.00853893,1.044739975,1.175278617,37.11967864,-148.49353440000004,0.05,21.42709181,93.35160958,0.175,0.225,0.16120882
172,4.714196028,0.951429738,1.135115362,50.8421888,-165.3325487,0.05,-1.0149649040000002,81.49598859,0.175,0.225,0.16796966
173,4.630458796,0.938377538,1.017982547,55.49393401,-129.3620216,0.05,-21.32426504,10.02936071,0.175,0.225,0.16453594
174,4.433411652,0.922105922,0.929077616,60.34356649,-111.4689836,0.05,-29.61637577,9.821690955,0.175,0.225,0.166657495
175,4.600307788,1.023766124,1.034270307,125.034478,-86.52413134,0.05,-31.34688371,38.99508293,0.175,0.225,0.166265133
176,4.236119616,0.392711559,0.148734414,44.48155609,-100.0979867,0.05,-100.76183,-160.1193524,0.175,0.225,0.120000384
177,3.743024455,0.15005919,0.0996958269999999,38.54874494,-87.47913170000002,0.05,-17.97383374,-109.4798834,0.33947983,0.3785658120000001,0.136717315
178,2.6970162230000003,0.251652995,0.237950596,38.13067478,-43.50963945,0.05,5.03735072,-7.204845091,0.213086155,0.206491905,0.171195548
179,2.591106023,0.132660721,0.130758467,37.23196179999999,-37.02891194,0.05,13.7967633,-6.50719405,0.225020746,0.22044142,0.165512565
180,5.941361138,0.137793963,0.197566885,127.7967735,-156.5231044,0.05,152.7967915,65.37573477,1.015031807,101.1757116,0.401731421
181,6.115855355,0.079224555,0.130880719,102.0717824,-120.1840203,0.05,107.652575,-22.72825504,1.126095771,59.27249007,0.292397401
182,5.82031941,0.057555387,0.11377584,66.92488339,-132.5685775,0.05,95.15827477,-17.31617628,1.046269639,45.30249771,0.267352661
183,5.6042299710000005,0.057555387,0.06945109,66.92488339,-93.62488233,0.05,95.15827477,-28.05414346,0.990070317,36.99615744,0.250017683
184,5.480683993,0.057555387,0.0567798059999999,66.92488339,-80.79462395,0.05,95.15827477,2.10339706,0.988154163,33.48508769,0.238588696
185,5.3575664530000005,0.04805539,0.050167247,64.01521963,-65.75201722,0.05,104.9959307,4.44100857,0.926154703,28.61313312,0.231470969
186,5.515503804,0.046013864,0.046357595,116.9742862,-53.09006181,0.05,113.1914057,21.29042277,0.931516925,26.74183877,0.227196459
187,4.415340321,0.209800903,0.242447411,124.17674540000002,-65.3213995,0.05,25.14121865,16.74446451,0.3183787839999999,17.01306358,0.252917208
188,3.471861311,0.334984248,0.185795986,87.02696531,-88.29063359999998,0.05,-3.251604448,-54.26461344,0.256814489,0.578986756,0.161234504
189,3.814449911,0.17024905,0.09870072,39.60063609,-79.21719263,0.05,-50.39045034,-91.26087898,0.297682268,0.494868009,0.154913513
190,3.730571412,0.103254114,0.066971861,36.5543671,-63.62238452,0.05,-33.24814313,-92.15393628,0.314181009,0.429882429,0.150663252
191,3.650137704,0.070707704,0.055240814,57.72553985,-58.35744684,0.05,-5.976937853,-68.782023,0.324053456,0.416444522,0.146518704
192,3.494204621,0.056785043,0.046312044,50.33103665,-51.97838307,0.05,0.154974443,-50.34642193,0.3021319839999999,0.3775107689999999,0.1607821509999999
193,3.377836398,0.048114534,0.041125247,44.20025944,-48.66211813,0.05,8.149555196,-50.62384518,0.298024106,0.363202763,0.160171048
194,3.947848694,0.2047077,0.2202026789999999,66.90102783,-57.92149291,0.05,3.5705990310000004,9.70533898,0.245582832,9.999587066,0.2229508039999999
195,3.686542043,0.127624999,0.135745601,41.709767600000006,-54.52096558,0.05,12.40892799,-11.09213813,0.218937426,5.956152378,0.22352731
196,3.490934374,0.095685653,0.09485944,38.23809601,-58.10447278,0.05,11.13732068,-21.97213639,0.216520656,4.27531901,0.212871057
197,2.948729152,0.232187592,0.307936975,47.34661429,-62.70083708,0.05,51.46064651,63.55112533,0.164828365,0.506593415,0.208395373
198,2.868903784,0.164427076,0.169989012,34.31627235,-42.90547958,0.05,13.78658673,15.28614272,0.167781865,0.366381691,0.2018515239999999
199,4.986178382,0.183270903,0.2591812069999999,208.053563,-61.21202950000001,0.05,50.28435923,57.3608923,0.320360304,0.656439056,0.1711704369999999
200,4.719426432,0.115886299,0.145777141,176.06868830000005,-62.71684737,0.05,40.93452315,13.30818704,0.288040062,0.488925,0.1769345739999999
201,4.304657627,0.083399787,0.098198922,146.9390554,-59.06244884,0.05,33.85436164,-8.644720238,0.275999111,0.401310421,0.167535405
202,4.087248549,0.066655936,0.076030677,118.32481,-59.80827992,0.05,13.68040782,-26.22368297,0.256727616,0.354090884,0.17630816
203,4.064998888,0.058657079,0.065237403,113.1461112,-55.12921218,0.05,11.21850503,-23.28728793,0.242347796,0.326981123,0.1833224269999999
204,5.1672607132823565,0.3358694623260946,0.3084007354234743,79.7509335364113,-66.51169344880297,0.0282889433657715,-60.08133523898787,-22.133200553849463,0.2909016821826826,0.7564758244008826,0.1907362362323209
205,5.1299062819635095,0.1838680781897216,0.2581953101121011,72.19725399193621,-97.80567028821817,0.0231661084005652,-19.44068536787969,-28.56083344684857,0.2644606655485256,0.5592959544035875,0.2018313423784128
206,5.108584376779102,0.139451929603113,0.2191883181104604,67.69617124950568,-107.27691135455856,0.0206979972489052,-21.593027544564382,-24.46956222525191,0.264476088864069,0.4893900660694971,0.2061184174120893
207,4.915894618286084,0.1066300741344515,0.1611747113924624,69.02820143818568,-82.64263310811829,0.0177587225350481,-17.52539012982056,-6.039323279484111,0.2387583707153202,0.4110638140588394,0.2136454014163285
208,4.883091020056567,0.0895600615034524,0.128623860402463,81.37267752065985,-72.70030433476163,0.0165134280172482,-17.943364190304766,5.043721379248884,0.2347421391269778,0.3773832098366572,0.2123897864338232
209,4.652189508998693,0.0737296191654117,0.1022470344618311,73.69982903858397,-65.09561280436033,0.0142988810133591,-13.989427476112384,12.052352925371224,0.222161328372401,0.331804628400653,0.2168419101061534
210,4.514218796880735,0.0694050445642286,0.0839213255122576,69.33737567891386,-66.61766424508065,0.0134068272970359,-15.61945704823683,0.7039456488353576,0.2150489168904641,0.3084484152450089,0.2207117593538048
211,4.102831571944597,0.3210965817313874,0.2947764712264021,45.163538657446566,-90.49602688591143,0.0228654196036257,-48.830199289028656,-39.23550817789111,0.185280902258048,10.553180750642062,0.2234240692317641
212,3.823372002110148,0.1892418498400087,0.1675264890759641,36.65309158481252,-90.54426155377422,0.0158280767573236,-15.63075156318788,-18.349883019884142,0.1791276764433794,5.61724073298405,0.2074939329673424
213,3.728134815047592,0.1616539220446579,0.133228933227573,31.28700226147736,-84.91804038803173,0.0137367704177258,-15.713688230459285,-11.124120344282408,0.1750403945493648,4.541024680200653,0.2079351090996536
214,3.67114797785005,0.1337659551406966,0.1153014167480363,35.284343550653475,-83.55524359151467,0.0123382122425209,-3.0025629042359188,-2.210809301859213,0.1747644588624093,3.815782332768858,0.2067207198555499
215,3.5757097262069126,0.112271415281323,0.1111134750814654,43.34198195272696,-81.03497197572851,0.0117373490091655,-2.070270892815368,6.8352662772872845,0.1768013313028146,3.4360988431673394,0.202568884138582
216,4.204573635722976,0.38258910309135,0.3287622437128495,92.27942980558352,-76.70067162616347,0.0228548196256013,17.923801587301526,3.436552243541384,0.2269226771015391,0.8039783806325758,0.2259604691003786
217,3.7592917684158382,0.2404323729733639,0.2718658848795925,78.91048272715638,-67.69891342857102,0.0177259249272396,-21.6619472148421,50.99443146380217,0.2462911117219687,0.6417679466388658,0.2081987949412003
218,3.552282629275173,0.1862123522131667,0.1748274491356546,67.0764954349355,-92.28965596780203,0.014079232650741,-15.009082063316312,33.573982065093766,0.236115013837289,0.5177524546838562,0.2061034570395077
219,3.290272197380588,0.1195974669046836,0.1531732003713111,62.302962482323686,-83.74903673835449,0.0113801243944648,-2.1947058302591542,26.20838710363535,0.2216540596983207,0.4271740202735684,0.2054390986612698
220,3.1755383360179184,0.0920512307593589,0.1389139629902258,64.38961611719422,-72.92337511818572,0.0101968207209919,8.534745159554603,39.79360935951626,0.2151706442362172,0.3831106953615694,0.2016992484161695
221,6.738753020887402,0.651165318965268,0.6697189911299805,80.5735898634466,-95.17803710839466,0.034904949762628194,-10.042684600525849,15.693287295283428,4.433825114159923,4.960143368643141,0.3173269726452499
222,9.203637704054069,0.5959477072969062,0.6379452512830474,74.25383857989472,-90.83000736857502,0.03113813345961829,-9.227293751011294,14.935751447332025,6.835967426794764,6.673736834531513,0.31614647649764566
223,10.252963929108047,0.5736515517876233,0.6048346265156186,71.46468288278373,-86.58713599654467,0.028939731248969217,-8.943658262027881,14.106964607505102,8.561821277335156,7.939050306750483,0.3064532306115882
224,10.400069828210839,0.5584556902045748,0.6048346265156186,69.56437463513748,-86.58713599654467,0.028321781739689064,-8.702577620980783,14.106964607505102,8.854129494825969,8.45800897657438,0.3062051157272378
225,10.39211115720483,0.5475767887876857,0.6048346265156186,68.1811983946102,-86.58713599654467,0.027875163170437235,-8.532812943299339,14.106964607505102,9.000587633403736,8.7314358186951,0.3053843937464093
226,10.556203410616765,0.5371140668924771,0.6048346265156186,66.91540728754579,-86.58713599654467,0.02744269765644417,-8.369381390242662,14.106964607505102,9.0159960378968,8.795663845862657,0.30899310624090215
